id,first_name,last_name,email,gender,old
1,Shalom,Eynon,seynon0@cdc.gov,Male,73
2,Reinwald,Wanek,rwanek1@canalblog.com,Male,3
3,Neville,Stelli,nstelli2@odnoklassniki.ru,Genderqueer,20
4,Tess,M'Quhan,tmquhan3@cdbaby.com,Female,57
5,Fulton,de Marco,fdemarco4@prweb.com,Male,83
6,Jordon,Taylor,jtaylor5@msn.com,Male,33
7,Huntington,Nann,hnann6@scientificamerican.com,Male,10
8,Davina,Cotherill,dcotherill7@over-blog.com,Female,69
9,Lea,Reyburn,lreyburn8@bbc.co.uk,Female,78
10,Julissa,Delaney,jdelaney9@php.net,Female,75
